case_id	demographic.days_to_death	demographic.ethnicity	demographic.race	demographic.sex_at_birth	demographic.vital_status	diagnoses.0.age_at_diagnosis	diagnoses.0.primary_diagnosis	diagnoses.1.age_at_diagnosis	diagnoses.1.primary_diagnosis	disease_type	id	primary_site	project.program.name	project.project_id	submitter_id	summary.experimental_strategies.0.experimental_strategy	summary.experimental_strategies.1.experimental_strategy	summary.experimental_strategies.2.experimental_strategy	summary.experimental_strategies.3.experimental_strategy	summary.experimental_strategies.4.experimental_strategy	summary.experimental_strategies.5.experimental_strategy	summary.experimental_strategies.6.experimental_strategy	summary.experimental_strategies.7.experimental_strategy	summary.experimental_strategies.8.experimental_strategy	summary.file_count
bc84c5c5-1785-4edd-b732-8987f862063e		not reported	black or african american	female	Alive	22438	Papillary serous cystadenocarcinoma	22437	Papillary carcinoma, NOS	Cystic, Mucinous and Serous Neoplasms	bc84c5c5-1785-4edd-b732-8987f862063e	Ovary	TCGA	TCGA-OV	TCGA-5X-AA5U	WXS	miRNA-Seq	RNA-Seq	WGS	Genotyping Array	Methylation Array	Reverse Phase Protein Array	Diagnostic Slide	Tissue Slide	81
c3f9ee36-d34f-472b-ac7f-801a0d400aa4		not hispanic or latino	white	female	Alive	20950	Serous cystadenocarcinoma, NOS	21269	Unknown	Cystic, Mucinous and Serous Neoplasms	c3f9ee36-d34f-472b-ac7f-801a0d400aa4	Ovary	TCGA	TCGA-OV	TCGA-13-1410	WXS	miRNA-Seq	RNA-Seq	WGS	Genotyping Array	Methylation Array	Reverse Phase Protein Array	Tissue Slide	Expression Array	75
e3712e5a-4575-440f-89d1-8db9498baa88	2894	not hispanic or latino	white	female	Dead	27674	Serous cystadenocarcinoma, NOS			Cystic, Mucinous and Serous Neoplasms	e3712e5a-4575-440f-89d1-8db9498baa88	Ovary	TCGA	TCGA-OV	TCGA-13-0889	WXS	miRNA-Seq	Genotyping Array	Methylation Array	Tissue Slide	Expression Array				61
c9e28934-8379-4511-817c-d787f2c4ca3a	681	not hispanic or latino	white	female	Dead	27176	Serous cystadenocarcinoma, NOS	27588	Serous cystadenocarcinoma, NOS	Cystic, Mucinous and Serous Neoplasms	c9e28934-8379-4511-817c-d787f2c4ca3a	Ovary	TCGA	TCGA-OV	TCGA-13-1487	WXS	miRNA-Seq	RNA-Seq	WGS	Genotyping Array	Methylation Array	Reverse Phase Protein Array	Tissue Slide	Expression Array	108
f9824a6e-7a97-445c-8846-df8d8cddedaa	37	not reported	not reported	female	Dead	17159	Serous cystadenocarcinoma, NOS			Cystic, Mucinous and Serous Neoplasms	f9824a6e-7a97-445c-8846-df8d8cddedaa	Ovary	TCGA	TCGA-OV	TCGA-30-1867	miRNA-Seq	WGS	Genotyping Array	Methylation Array	Tissue Slide	Expression Array				62
0750ebcc-348a-4ea9-9dd2-6274d5e6eeaa		not hispanic or latino	white	female	Alive	18654	Serous cystadenocarcinoma, NOS			Cystic, Mucinous and Serous Neoplasms	0750ebcc-348a-4ea9-9dd2-6274d5e6eeaa	Ovary	TCGA	TCGA-OV	TCGA-42-2591	WXS	WGS	Genotyping Array	Methylation Array	Reverse Phase Protein Array	Diagnostic Slide	Tissue Slide			77
94bd4c68-4bfc-4db3-9365-97c867747133		not hispanic or latino	white	female	Alive	20583	Serous cystadenocarcinoma, NOS			Cystic, Mucinous and Serous Neoplasms	94bd4c68-4bfc-4db3-9365-97c867747133	Ovary	TCGA	TCGA-OV	TCGA-20-1682	WXS	miRNA-Seq	RNA-Seq	WGS	Genotyping Array	Methylation Array	Reverse Phase Protein Array	Tissue Slide	Expression Array	81
15c84da3-16e5-4909-aea9-cb5894b0f8af	1678	not hispanic or latino	white	female	Dead	16957	Serous cystadenocarcinoma, NOS	16304	Serous cystadenocarcinoma, NOS	Cystic, Mucinous and Serous Neoplasms	15c84da3-16e5-4909-aea9-cb5894b0f8af	Ovary	TCGA	TCGA-OV	TCGA-13-0751	WXS	miRNA-Seq	WGS	Genotyping Array	Methylation Array	Tissue Slide	Expression Array			72
1db60f09-7f5a-4f21-8003-06a6abc781db	1187	not reported	white	female	Dead		Serous cystadenocarcinoma, NOS	16523	Serous cystadenocarcinoma, NOS	Cystic, Mucinous and Serous Neoplasms	1db60f09-7f5a-4f21-8003-06a6abc781db	Ovary	TCGA	TCGA-OV	TCGA-29-1694	WXS	miRNA-Seq	RNA-Seq	WGS	Genotyping Array	Methylation Array	Reverse Phase Protein Array	Tissue Slide	Expression Array	87
32960bc7-839a-42c5-9460-3917fa578ffc	949	not hispanic or latino	white	female	Dead	20526	Serous cystadenocarcinoma, NOS	20134	Serous cystadenocarcinoma, NOS	Cystic, Mucinous and Serous Neoplasms	32960bc7-839a-42c5-9460-3917fa578ffc	Ovary	TCGA	TCGA-OV	TCGA-13-0726	WXS	miRNA-Seq	RNA-Seq	Genotyping Array	Methylation Array	Tissue Slide	Expression Array			81
